temperature,vibration,voltage,usage,predicted_failure,probability_of_failure
71,10.5,225,500,0,0.02666666666666667
78,13.0,235,900,1,0.8666666666666667
65,9.0,210,200,0,0.1
82,15.0,240,950,1,0.8933333333333333
70,11.0,220,600,0,0.05333333333333334
